roomType,confidence,Description,True_Label
Unknown,0.0,BEST AVAILABLE ROOM ONLY|CLASSIC QUEEN ENSUITE WIFI TV PARKING TERRACE - SEATING AREA - AIR CONDITIONING,Classic Room
Unknown,0.0,"AAA AUTO ASSOCIATION|AAA CAA RATE, MEMBERSHIP CARD REQUIRED, KING PENTHOUSE SUITE, 1 BEDROOM PENTHOUSE SUITE",Penthouse
Unknown,0.0,FLEXIBLE RATE|1 KING BED STUDIO SUITE WIFI AVAIL-SERENITY BED-MICROWAVE-FRIDGE,Studio Suite
Unknown,0.0,RACK|FAMILY ROOM ONE KING AND ONE FULL BED TWO TVS SEPARATED SLEEPING AREAS HI SPD INT CONT BRKF BEST AVAILABLE RATE,Family Room/Suite
Unknown,0.0,STANDARD RATE ARCADIA VILLA|1 KING:900 SQ FT:LIVING ROOM:QUEEN PULLOUT:,Villa
Unknown,0.0,CORPORATE RATE|LUX RM KING BED FREE UNLTD WIFI LUX BOUTIQUE NESPRESSO MACHINE CITY CENTRE GYM JACUZZI SAUNA ROOM ONLY UNLIMITED FREE WIFI GREAT LOCATION L,Luxury Room
Unknown,0.0,WORLD RAINBOW HOTELS BAR  RO|DOUBLE ROOM ENSUITE WIFI TV AIR CON SAFE - USB PORTS - HAIRDRYER,Double Bed
Unknown,0.0,FLEXIBLE RATE ROOM ONLY|CLASSIC SUITE/KING BED/47SQM/W BATHTUB/IRON/MINIBAR/TEA COFFEE FACILITY,Classic Suite
Unknown,0.0,"REGULAR RATE|FLEXIBLE RATE, 2 BEDROOM BI-LEVEL LOFT",Loft
Accessible Room,1.0,BREAKFAST   PARKING PACKAGE|RATE INCLUDES BREAKFAST FOR 2 ADULTS EACH 1 KING BED DELUXE SUITE NONSMOKING YOU CAN COUNT ON FREE WIRELESS INTERNET ACCESS TO GET WORK DONE THE SUITE HAS A,Deluxe Suite
Accessible Room,1.0,RECHARGE AND REBOOT GETAWAY|DELUXE ROOM - 1 KING BED - 400 SQF - 37 SQM RIVER VIEW-COMP ACCESS EQUINOX GYM-SMOKE FREE,Deluxe Room
Unknown,0.0,"STAY FOR BREAKFST PREM|STAY FOR BREAKFAST RATE, BREAKFAST FOR 2 ADULTS AND CHILDREN UNDER 12, DELUXE SUITE, 1 BEDROOM LARGER SUITE, 1 KING, CITY V",Deluxe Suite
Unknown,0.0,SAVE 15 PCT/BFST EXECUTIVE STU|EXECUTIVE CORNER KING SUITE: WORKING DESK: SEPARATE SITTING AREA W LOVESEAT:,Executive/Club Room
Unknown,0.0,"STAY LONGER SAVE SPECIAL|SAVINGS WHEN YOU STAY LONGER AND RESERVE IN 1 KING OR 2 QUEEN WHEN YOU ARRIVE, WE WILL DO OUR BEST TO MEET YOUR BED TYPE PREFERENCE, SUBJECT TO AVAILABILITY AND",Run of the House
Unknown,0.0,GOVERNMENT BREAKFAST INCLUDES|FULL BREAKFAST FOR ONE STANDARD NONSMOKING ROOM WHEN YOU ARRIVE AT THE HOTEL WE WILL DO OUR BEST TO MEET YOUR UPGRADED ROOM AND BED TYPE,Run of the House
Unknown,0.0,"SENIOR DISCOUNT|1 KING BED, CLASSIC, NON-SMOKING",Classic Room
Unknown,0.0,BEST AVAILABLE RATE|AIRSIDE SKY SUITE-50SQM-KING BED 2X2M-FREE WIFI -AC-MINIBAR-SHOWER-SEPARATE BATH-VIEW-MAXOCC2,Suite
Unknown,0.0,"ADVANCE SAVER|POOLSIDE BUNGALOW NEWLY REDESIGNED. EXCLUSIVE TRI-LEVEL BUNGALOWS TUCKED AWAY AND ADJACENT TO THE MERMAID POOL,",Bungalow
Unknown,0.0,VALET PARKING   LATE CHECK|OUT PACKAGE INCLUDES VALET PARKING FOR ONE DELUXE ROOM AN UPGRADE FROM OUR STANDARD ROOMS. BED TYPE CANNOT BE GUARANTEED AS IT WILL BE ALLOCATED ON ARRIVAL,Run of the House
Unknown,0.0,"REGULAR RATE|FLEXIBLE RATE, SUPERIOR, GUEST ROOM, 2 QUEEN",Superior Room
Accessible Room,1.0,BEST AVAILABLE RATE|ONE BEDROOM APARTMENT - 1X KING BED 28SQM - INTL ADAPTER - LCD TV - WORKING DESK,Apartment
Unknown,0.0,"BOOK NOW, PAY LATER|WATERVIEW PREMIER 1 KING BED NEWLY RENOVATED. ONE KING BED. 475 SQ. FT. 66 SQ FT. PRIVATE BALCONY. VIEWS OF BAY AND",Premier Room
Unknown,0.0,CORPORATE RATE SAVE 5 PERCENT|DELUXE ROOM 31 SQUARE METER,Deluxe Room
Unknown,0.0,GDS SEMI FLEXIBLE BREAKFAST RA|SINGLE ROOM-1SINGLE-ENSUITE-AC-WIFI-16M2-SAFE- MINIBAR-COFFEE-TEA FACILITIES-TV-VIEWS-MAXOCC1,Single Room
Unknown,0.0,PENCLUB SUITE OFFER|EXECUTIVE SUITE-1KING-GARDEN VIEW-SITTING AREA TV OVER SPA TUB-COMP VOIP CALLS WIFI-90SQM,Executive/Club Suite
Unknown,0.0,BED AND BREAKFAST|CORNER KING ROOM-1KING-UNOBSTRUCTED CITY VIEW QUAD BAY WINDOWS-SITTING AREA-350-405SQFT,King Bedroom
Accessible Room,1.0,CWT PROGRAM -HONORS DISCOUNT|CABANA OCEANFRNT 2 QUEENS MOBILITY ACCESS TUB 35 USD RESORT CHARGE -MOB ACC TUB -STEAMER,Cabana
Unknown,0.0,"REGULAR RATE|FLEXIBLE RATE, COMFORT ROOM, LARGER GUEST ROOM, 1 KING, LLOYD BUILDING",Comfort Room
Unknown,0.0,"REGULAR RATE|FLEXIBLE RATE, 1 BEDROOM JUNIOR SUITE, 1 KING, SOFA BED",Junior Suite
Unknown,0.0,AMEX FHR -  ROOM RATES|OCEAN VIEW CABANA TERRACE ROOM KING- 1ST FLOOR FURNISHED BALCONY OCEAN VIEW- MARBLE,Cabana
Unknown,0.0,TEXAS RESIDENT RATE|LUXURY SUITE - KING BED - PULL OUT SOFA 1800 SQ FT,Luxury Suite
Unknown,0.0,TANGER OUTLET PKG|1 KING BDRM/1 QUEEN BDRM PRESIDENTIAL SUITE COMP WIFI - SERENITY BEDS - FRIDGE - 55 IN TV,Presidential Suite
Unknown,0.0,"EXPERIENCE BUS. PACK.|FREE PARKING AND 2PM LATE CHECK OUT, INCLUDES SELF PARKING, SEE RATE DETAILS, STUDIO, 1 KING, SOFA BED",Studio Room
Unknown,0.0,PREFERRED BED AND BREAKFAST|SUPERIOR ROOM-CITY OR CRTYRD VW-1 Q OR 2 TW- 20SQM-WIFI-DESK-TV-MAX 2 PERSON OCCUPANCY,Superior Room
Unknown,0.0,BEST AVAILABLE RATE - MAP RATE|LUXURY ROOM-TWIN BED-COURTYARD VIEW-260 SQFT WIFI-MARBLEFLOOR-CHAISELOUNGE-RAINSHWR-DESK,Luxury Room
Unknown,0.0,FLEXIBLE RATE|KING PREMIUM FULLY RENO/1-K BD/ 40-IN TV/ 4 POINT BATH,Premier Room
Unknown,0.0,RETREAT TO CHARLESTON|LUXURY SUITE-1KING-SKYLINE VIEW-SOFA BED CLUB BENEFITS-KITCHENETTE-DINING AREA-1200SQFT,Luxury Suite
Accessible Room,1.0,CWT PROGRAM -PREFERRED|1 KING MOBILITY/HEARING ACCESS TUB STUDIO NS VIS FIREALRM/DOOR/PHN ALRT/SOFABED,Studio Suite
Unknown,0.0,CCRA PROMOTIONAL RATE -SEMI FL|POOL SIDE CABANA ROOM WITH ONE KING BED 320 SQ FT-GROUND FLOOR-PATIO SEATING POOLSIDE,Cabana
Unknown,0.0,BED AND BREAKFAST|VILLA ROOM KING TPC GLF CRS COTTONWOOD VALLEY OR GARDEN VIEW WALKOUT OR PRIVATE LAWN NEAR,Villa
Accessible Room,1.0,"REGULAR RATE|FLEXIBLE RATE, EXECUTIVE, M CLUB LOUNGE ACCESS, GUEST ROOM",Executive/Club Room
Unknown,0.0,ADVANCE SAVER|1 KING BED STANDARD NS CONTEMPORARY AND SPACIOUS KING BED GUEST ROOM IS DESIGNED WITH TODAYS BUSINESS AND LEISURE,Standard Room
Unknown,0.0,"EXPERIENCES INCLUSIVE|CABANA RENTAL, INCLUDES SNACKS, POOL CABANA, SEE RATE DETAILS, GUEST ROOM, 1 KING",Cabana
Unknown,0.0,BEST AVAILABLE RATE|1 KING 1BDRM SUITE W/ SITTING AREA-WETBAR NS HDTV/FREE WI-FI/SOFABED/MINI-FRIDGE/MICROWAVE,Suite
Unknown,0.0,BEST FLEXIBLE RATE- ROOM ONLY|TWIN BED - 45 SQM STUDIO CONCEPT - CITY VIEW,Studio Suite
Accessible Room,1.0,TRIPADVISOR PLUS RATE|PVT  JUNGLE VILLA APT  ACCESS TO POOL 1 KG BED W LUXURY LINENS LLIVING ROOM ROOF TERR,Villa
Unknown,0.0,"MARRIOTT SENIOR DISC.|MARRIOTT SENIOR DISCOUNT, INCLUDES 62 YEARS AND OLDER VALID ID REQUIRED, CLASIC TWIN ROOM, GUEST ROOM, 2 TWIN/SINGLE BED-S-,",Twin Room
Unknown,0.0,PARK AND STAY AAA|1 KING BED STUDIO SUITE NONSMOKING FREE BRKFST/INTERNET-KITCHEN W/MICRO/FRIDGE,Studio Suite
Unknown,0.0,"YOU DESERVE SOME CREDIT|BRIDGE STUDIO SUITE AND BRIDGE KING 26,27",Studio Suite
Unknown,0.0,"NON REFUNDABLE|2 SINGLE BEDS,NONSMOKE,COMFORT ROOM,TUB IN RM",Comfort Room
Unknown,0.0,"REGULAR RATE|FLEXIBLE RATE, DELUXE CORNER, GUEST ROOM, 1 KING, CORNER ROOM",Deluxe Room
Unknown,0.0,"BEST AVAILABLE RATE ROOM ONLY,|JUNIOR SUITE-1KG BED-44SQM 473SQFT-AC OPEN PLAN SITTING AREA-FREE WIFI-",Junior Suite
Unknown,0.0,BEST AVAILABLE RATE|LUXURY SUITE-1X KING-60SQM-FREE WIFI- KITCHEN24HR ROOM SERVICE-GYM-COOKING FACILITIES,Luxury Suite
Unknown,0.0,OUR BEST AVAILABLE RATE|2 BEDROOM VILLA HOME - 1850 SQ FT - OCEAN VIEW FULL KITCHEN - LIVING ROOM - PRIVATE GARAGE,Villa
Unknown,0.0,GOVERNMENT RATE QUEENS SFBD|STANDARD QUEEN ROOM: FREE WIFI: 42IN TV,Queen Bedroom
Unknown,0.0,MRATE AVAIL STAY LONGER AND SA|PREMIUM KING,Premier Room
Unknown,0.0,"MARRIOTT SENIOR DISC.|MARRIOTT SENIOR DISCOUNT, INCLUDES 62 YEARS AND OLDER VALID ID REQUIRED, KING SOFA BED, GUEST ROOM, 1 KING, SOFA BED",Guest Room
Unknown,0.0,CWT PROGRAM -HONORS SEMI-FLEX|2 QUEEN BEDS STUDIO SUITE NONSMOKING FREE WI-FI/SOFABED/37 IN HDTV,Studio Room
Unknown,0.0,BEST AVAIL RATE|CLASSIC SUITE WITH VIEW -KING BED-50 SQM SEPARATE LIVING AREA,Classic Suite
Unknown,0.0,BEST FLEXIBLE RATE|14SQM ZING QUEEN RM 1 QN BED LARGE TV FREE WIFI FLXI RATE RM ONLY RATE 10PCT COMM 24HRS CXL,Queen Bedroom
Unknown,0.0,BEST AVAILABLE RATE|SINGLE ROOM * SINGLE BED * FREE WIRELESS LAN * SAFE * MINIBAR * KETTLE * FLATSCREEN TV,Single Room
Unknown,0.0,BREAKFAST INCLUDED|1 KING 1 BDRM PRESIDENTIAL SUITE ADJUST.SLEEP SYSTEM BED-CRISP WHITE DUVET,Presidential Suite
Unknown,0.0,"AAA RATE|1 KING ONE-BEDROOM SUPERIOR SUITE NSMK WITH FREE WIFI, FREE HOT BREAKFAST, HOT TUB, FIREPLACE",Superior Suite
Accessible Room,1.0,2X POINTS|2 QUEEN MOBILITY ACCESSIBLE W/ BATHTUB COMP WIFI- REFRIGERATOR-MICROWAVE,Accessible Room
Unknown,0.0,5000 RC BONUS INCLUDES ROOM|AND 5000 RC BONUS POINTS PER ANY CONSECUTIVE HOTEL INDIGO PREMIER SUITE YOUR 60 SQ METER SUITE HAS A LIVING ROOM   A KING BED ROOM. THESE ARE SUBJECT TO,Premier Suite
Unknown,0.0,TRIPADVISOR PLUS|EXECUTIVE KING-CITY VIEW-1 KING- WIFI-SITTING AREA-DESK-MINIBAR-COFFEE MAKER,Executive/Club Room
Accessible Room,1.0,ADVANCE PURCHASE NO REFUNDS|1 KING BED DELUXE NON SMOKING EXPERIENCE OUR SPACIOUS 36 SQM CONTEMPORARY ROOM WITH HIGH SPEED INTERNET ACCESS AND,Deluxe Room
Unknown,0.0,"AAA AMERICAN AUTO ASSN|AAA CAA RATE, MEMBERSHIP CARD REQUIRED, NEWLY RENOVATED COZY KING, GUEST ROOM, 1 KING",Guest Room
Unknown,0.0,FLEXIBLE RATE|1 KING 1 BDRM PRESIDENTIAL STE EXEC FLR NOSMK PARLOR W-QN SOFABED-DINING TABLE/6-COMP WIFI,Presidential Suite
Accessible Room,1.0,BEST AVAILABLE RATE EXCL BKFST|SUPERIOR SUITE-BATHROOM-PHONE-RADIO-MINIBAR-WIFI INTERNET ACCESS,Superior Suite
Accessible Room,1.0,"STANDARD ROOM, 1 KING BED -|STANDARD ROOM: 1 KING BED350 SQ FEET INTERNET - FREE WIFI ENTERTAINMENT - FLAT-SCREEN TV WITH CABLE CHANNELSFOOD   DRINK - REFRIGERATOR AND MICROWAVE SLEEP - LINENS BATHROOM - PARTIALLY OPEN BATHROOM, SHOWER/TUB COMBINATION, FREE TOILETRIES, AND A HAIR DRYERPRACTICAL - IRON/IRONING BOARD, DESK, AND PHONE  ROLLAWAY/EXTRA BEDS AND FREE CRIBS/INFANT BEDS AVAILABLE ON REQUESTCOMFORT - AIR CONDITIONING AND DAILY HOUSEKEEPINGACCESSIBILITY - WHEELCHAIR ACCESSIBLE, LOW-HEIGHT COUNTER AND SINK, GRAB BAR NEAR TOILET, LEVER DOOR HANDLES, AND RAISED TOILET SEATNON-SMOKINGCONNECTING/ADJOINING ROOMS CAN BE REQUESTED, SUBJECT TO AVAILABILITY BREAKFAST EXCLUDED SHUTTLE SERVICE TO THE AIRPORT AIRPORT: 7.58 KM, LAST NAME: ABILENE REGIONAL AIRPORT  ABI , TRAVEL TIME BY PUBLIC TRANSPORT: 0 MIN, IATA CODE: ABI AIRPORT: 145.57 KM, LAST NAME: SAN ANGELO REGIONAL MATHIS FIELD SJT , TRAVEL TIME BY PUBLIC TRANSPORT: 0 MIN, IATA CODE: ABI CITY/TOWN CENTER: 4.3 KM, LAST NAME: ABILENE, TRAVEL TIME BY PUBLIC TRANSPORT: 0 MIN FRIDGE MICROWAVE OVEN IRON   IRONING BOARD PUBLIC INTERNET TERMINAL LAUNDRY SERVICE BUSINESS CENTER PETS PERMITTED  DAY TOTAL NUMBER OF ROOMS: 160 ROOMS WITH CONNECTING DOOR: 0 COACH PARKING SPACE AT HOTEL HOTEL-OWNED CAR PARK CABLE TV FITNESS ROOM OUTDOOR SWIMMING POOL, CLOSED:",Standard Room
Unknown,0.0,AAA-CAA RATE|2 QUEEN BEDS-STUDIO SUITE-BALCONY-NON SMOKING -SPECIAL RATE FOR AAA-CAA MEMBERS-ID REQUIRED,Studio Room
Unknown,0.0,AAA MEMBER RATE|CASITA SUITE - 1100 SQ FT - OCEAN VIEW 1 KING BED - LIVING ROOM - KITCHEN - FIREPLACE,Suite
Unknown,0.0,SIGNATURE -SIGNATURE PROGRAM|COTTAGE SUITE - PATIO FIREPIT - ONE KING BED 45 USD RESORT CHARGE - 850 SQ. FT. PATIO,Cottage
Unknown,0.0,ELITE EXCLUSIVE OFFER|CLASSIC SUITE - CITY OR WATERFRONT VIEW - ONE KING BED,Classic Suite
Unknown,0.0,TRIPADVISOR PLUS RATE|DOUBLE OR TWIN ROOM ONLY ROOM,Twin Room
Unknown,0.0,"FLEXIBLE RATE*BEST LEAST RESTR|1 QUEEN BED,NONSMOKING,COMFORT ROOM",Comfort Room
Unknown,0.0,"MEMBER RETAIL RATE|MEMBER RATE FLEXIBLE, DELUXE SUITE, 1 BEDROOM EXECUTIVE SUITE, 1 KING",Deluxe Suite
Unknown,0.0,"PREPAY REFUNDABLE|PREPAY REFUNDABLE, CHANGES UP TO 3 DAYS PRIOR TO STAY, SEE RATE DETAILS, GRAND LUXE, GUEST ROOM, 1 KING",Luxury Room
Unknown,0.0,CWT PROGRAM -HONORS DISCOUNT|TWIN ROOM COMP WIFI/MINI FRIDGE/IRON-BOARD/SAFE/23 SQM,Twin Room
Unknown,0.0,CWT PROGRAM -HONORS SEMI-FLEX|1 KING BED 1 BEDROOM TREEHOUSE LOFT SUITE SITTING AREA-BI-LEVEL LOFT-SOFABD-REFRIG-SAFE,Loft
Unknown,0.0,HUDSON BAY 2 DOUBLE BEDS|DOUBLE ROOM W/ RICH LEATHER   WOOD FURNISHING,Double Bed
Unknown,0.0,BEST FLEXIBLE RATE|MONACO KING ROOM WITH 1 KING BED 1 KING BED APPROXIMATELY 300 SQUARE FEET. STANDARD ROOM. CITY VIEW. BATHROOM INCLUDES,King Bedroom
Unknown,0.0,ADVANCE PURCHASE|SUPERIOR KING NON-SMOKING WITH FREE WIFI- MICROWAVE-REFRIGERATOR-IN ROOM COFFEE,Superior Room
Accessible Room,1.0,BEST AVAILABLE RATE ROOM ONLY|PREMIER ROOM-40SQM-1 KING OR 2 SINGLE-CITY VIEW WIFI-FREE MINIBAR-ACCESS TO GYM-BATHTUB-TV,Premier Room
Unknown,0.0,"CWT BUSINESS RATES|LUXURY ROOM, 1 KING SIZE BED, OVERLOOKING THE P ETRUSSE VALLEY",Luxury Room
Unknown,0.0,CWT PROGRAM -SEMI FLEX|BEACHFRONT COTTAGE ROOM 35USD RSRT CHG - OCEAN VIEW - 550-650 SQ FT,Cottage
Unknown,0.0,RACK RATE|STUDIO - SMOKING,Studio Suite
Unknown,0.0,"FLEXIBLE RATE|INCLUDES COMPLIMENTARY BASIC WIFI CLASSIC ROOM - 1 KING SIZE BED, FLOORS 6-10",Classic Room
Unknown,0.0,CWT PROGRAM -SEMI FLEX|2 ROOM CORNER PREMIUM SUITE-1 KING BED NOSMOK INCLUDES WIFI AND IN-SUITE DRINKS/SNACKS,Premier Suite
Unknown,0.0,"EXPERIENCES DINING|EXPERIENCE DINING YOUR WAY, SEE RATE DETAILS, 2 BEDROOM VILLA, BEDROOM 1: 1 KING, BEDROOM 2: 2 QUEEN, SOFA BED",Villa
Unknown,0.0,STAY LONGER AND SAVE|TWO BEDROOM APARTMENT,Apartment
Unknown,0.0,SUMMER ESCAPADE - 25PCT OFF|DELUXE PEAK VIEW ROOM 1 KING BED. 9-43 FL. ENJOY HIGH CEILINGS AND LARGE WINDOWS OF VIEWS,Deluxe Room
Unknown,0.0,"STAY FOR BREAKFAST|STAY FOR BREAKFAST RATE, INCLUDES SEE RATE DETAILS, DELUXE GUEST ROOM, 1 KING, CITY VIEW, HIGH FLOOR",Deluxe Room
Unknown,0.0,LEISURE RATE|1 KING BED STANDARD VIEW W MINI FRIDGE AND COFFEE MAKER,Standard Room
Unknown,0.0,ESCAPE AND SAVE|ECONOMY PETITE SINGLE ROOM 1 TWIN BED 90 SQ FT,Single Room
Unknown,0.0,CWT PROGRAM -HONORS SEMI-FLEX|PRESIDENTIAL SUITE-2 BEDRMS/2 BATH-1KG/2QUEEN 1 KING BED/2 QUEEN BEDS-DINING TABLE-REFRIG,Presidential Suite
Unknown,0.0,NEXTERA ENERGY INC GOLD|STANDARD NONSMOKING ROOM WE WILL DO OUR BEST TO ACCOMMODATE YOUR RM TYPE PREFERENCE THIS IS SUBJECT TO AVAILABILITY AND,Run of the House
Unknown,0.0,BEST AVAILABLE RATE|STUDIO ROOM WITH KING BED-QUEEN SOFA PULLOUT FULLY EQUIPPED KITCHEN-FREE WIFI-COFFEE AND TEA,Studio Room
Unknown,0.0,FLIGHT CENTRE CORPORATE|FAMILY ROOM,Family Room/Suite
